Ticker,Qty
1103 TT,105000
1108 TT,31000
1109 TT,391000
1201 TT,127000
1210 TT,640000
1217 TT,48000
1220 TT,8000
1225 TT,12000
1227 TT,134000
1231 TT,67000
1232 TT,55000
1234 TT,20000
1240 TT,12000
1301 TT,93000
1303 TT,426000
1307 TT,14000
1312 TT,369000
1314 TT,181000
1315 TT,29000
1316 TT,9000
1324 TT,8000
1326 TT,228000
1337 TT,196000
1340 TT,43000
1416 TT,7000
1417 TT,84000
1434 TT,195000
1436 TT,27000
1439 TT,12000
1444 TT,109000
1447 TT,38000
1451 TT,67000
1452 TT,46000
1455 TT,39000
1457 TT,45000
1464 TT,51000
1466 TT,38000
1467 TT,10000
1474 TT,43000
1503 TT,6000
1515 TT,24000
1517 TT,48000
1519 TT,19000
1521 TT,10000
1522 TT,8000
1526 TT,16000
1527 TT,81000
1531 TT,225000
1532 TT,52000
1535 TT,8000
1537 TT,11000
1540 TT,7000
1558 TT,41000
1563 TT,63000
1570 TT,8000
1599 TT,8000
1603 TT,12000
1604 TT,53000
1605 TT,170000
1608 TT,39000
1612 TT,64000
1614 TT,10000
1616 TT,7000
1617 TT,78000
1708 TT,54000
1709 TT,77000
1710 TT,81000
1717 TT,157000
1718 TT,256000
1721 TT,27000
1722 TT,208000
1723 TT,87000
1725 TT,12000
1734 TT,38000
1736 TT,9000
1737 TT,71000
1773 TT,54000
1785 TT,40000
1786 TT,14000
1795 TT,38000
1802 TT,39000
1806 TT,32000
1808 TT,51000
1809 TT,15000
1810 TT,8000
1813 TT,7000
1815 TT,57000
1905 TT,29000
1907 TT,192000
2002 TT,1830000
2006 TT,69000
2009 TT,15000
2010 TT,61000
2014 TT,42000
2023 TT,311000
2027 TT,233000
2028 TT,26000
2029 TT,21000
2030 TT,26000
2032 TT,11000
2034 TT,146000
2038 TT,9000
2062 TT,6000
2064 TT,8000
2101 TT,65000
2102 TT,13000
2107 TT,185000
2109 TT,35000
2114 TT,7000
2206 TT,109000
2247 TT,9000
2301 TT,123000
2316 TT,101000
2317 TT,1053000
2323 TT,142000
2330 TT,2480000
2340 TT,45000
2342 TT,201000
2345 TT,185000
2355 TT,62000
2360 TT,9000
2363 TT,30000
2367 TT,129000
2373 TT,6000
2374 TT,9000
2376 TT,31000
2377 TT,555000
2382 TT,99000
2383 TT,10000
2388 TT,76000
2390 TT,22000
2397 TT,40000
2399 TT,11000
2401 TT,103000
2402 TT,31000
2404 TT,60000
2406 TT,30000
2413 TT,69000
2414 TT,55000
2415 TT,9000
2417 TT,10000
2420 TT,15000
2428 TT,13000
2430 TT,19000
2433 TT,39000
2442 TT,6000
2451 TT,6000
2454 TT,85000
2457 TT,49000
2460 TT,15000
2471 TT,6000
2472 TT,21000
2476 TT,39000
2477 TT,15000
2481 TT,64000
2484 TT,16000
2485 TT,37000
2488 TT,15000
2489 TT,209000
2492 TT,47000
2493 TT,47000
2495 TT,26000
2497 TT,16000
2498 TT,87000
2501 TT,287000
2505 TT,28000
2506 TT,41000
2509 TT,7000
2511 TT,1043000
2514 TT,6000
2527 TT,8000
2530 TT,11000
2536 TT,53000
2537 TT,8000
2538 TT,22000
2539 TT,81000
2540 TT,19000
2542 TT,395000
2547 TT,64000
2597 TT,23000
2601 TT,184000
2605 TT,12000
2611 TT,18000
2616 TT,46000
2617 TT,42000
2633 TT,410000
2634 TT,15000
2642 TT,6000
2643 TT,24000
2701 TT,19000
2702 TT,18000
2704 TT,6000
2706 TT,11000
2707 TT,21000
2736 TT,28000
2753 TT,8000
2801 TT,455000
2809 TT,105000
2820 TT,416000
2834 TT,5094000
2838 TT,2455000
2845 TT,766000
2849 TT,16000
2851 TT,79000
2852 TT,56000
2855 TT,1349000
2880 TT,1355000
2881 TT,1038000
2882 TT,322000
2883 TT,3372000
2884 TT,2529000
2885 TT,1729000
2886 TT,1600000
2887 TT,558000
2888 TT,2286000
2891 TT,2895000
2892 TT,3349000
2897 TT,1804000
2903 TT,121000
2905 TT,40000
2906 TT,34000
2912 TT,59000
2913 TT,126000
2929 TT,36000
3005 TT,184000
3006 TT,27000
3008 TT,10000
3011 TT,32000
3015 TT,95000
3016 TT,12000
3018 TT,6000
3021 TT,6000
3024 TT,28000
3025 TT,6000
3027 TT,202000
3028 TT,160000
3033 TT,157000
3037 TT,176000
3041 TT,11000
3047 TT,6000
3048 TT,45000
3050 TT,6000
3052 TT,76000
3056 TT,177000
3059 TT,28000
3060 TT,9000
3066 TT,6000
3071 TT,11000
3078 TT,43000
3083 TT,13000
3088 TT,19000
3090 TT,148000
3093 TT,11000
3128 TT,6000
3141 TT,17000
3162 TT,7000
3205 TT,14000
3209 TT,228000
3211 TT,15000
3213 TT,7000
3224 TT,59000
3230 TT,13000
3231 TT,114000
3252 TT,6000
3268 TT,17000
3272 TT,10000
3289 TT,8000
3290 TT,93000
3303 TT,13000
3305 TT,10000
3312 TT,20000
3324 TT,12000
3325 TT,7000
3338 TT,8000
3372 TT,23000
3373 TT,18000
3402 TT,12000
3406 TT,20000
3419 TT,44000
3437 TT,17000
3441 TT,6000
3455 TT,7000
3479 TT,83000
3481 TT,2650000
3484 TT,23000
3491 TT,87000
3498 TT,7000
3501 TT,20000
3504 TT,6000
3516 TT,29000
3518 TT,7000
3520 TT,6000
3526 TT,17000
3529 TT,40000
3530 TT,6000
3537 TT,20000
3540 TT,28000
3541 TT,12000
3546 TT,6000
3550 TT,21000
3551 TT,7000
3552 TT,11000
3564 TT,6000
3567 TT,8000
3607 TT,14000
3611 TT,11000
3623 TT,6000
3624 TT,38000
3630 TT,9000
3645 TT,8000
3669 TT,9000
3673 TT,63000
3691 TT,6000
3694 TT,10000
3703 TT,124000
3704 TT,149000
3707 TT,16000
3711 TT,630000
3715 TT,33000
4104 TT,47000
4106 TT,11000
4107 TT,12000
4111 TT,17000
4113 TT,7000
4120 TT,13000
4121 TT,18000
4123 TT,54000
4126 TT,10000
4138 TT,16000
4142 TT,35000
4161 TT,9000
4167 TT,115000
4171 TT,10000
4173 TT,7000
4174 TT,22000
4190 TT,8000
4205 TT,7000
4207 TT,62000
4305 TT,9000
4306 TT,196000
4401 TT,8000
4417 TT,17000
4426 TT,16000
4433 TT,10000
4438 TT,10000
4502 TT,39000
4506 TT,9000
4513 TT,6000
4526 TT,27000
4528 TT,30000
4532 TT,135000
4533 TT,11000
4540 TT,6000
4541 TT,11000
4552 TT,28000
4564 TT,11000
4566 TT,6000
4568 TT,7000
4581 TT,10000
4706 TT,10000
4707 TT,141000
4711 TT,8000
4721 TT,8000
4735 TT,8000
4737 TT,9000
4743 TT,26000
4744 TT,6000
4745 TT,39000
4747 TT,165000
4754 TT,10000
4755 TT,77000
4767 TT,97000
4904 TT,51000
4907 TT,7000
4923 TT,11000
4933 TT,17000
4939 TT,29000
4956 TT,58000
4976 TT,8000
4979 TT,64000
4989 TT,117000
4999 TT,48000
5011 TT,7000
5014 TT,122000
5015 TT,32000
5203 TT,8000
5215 TT,21000
5243 TT,41000
5251 TT,7000
5258 TT,6000
5263 TT,304000
5285 TT,14000
5287 TT,8000
5291 TT,10000
5309 TT,8000
5315 TT,65000
5328 TT,7000
5351 TT,63000
5371 TT,56000
5392 TT,19000
5425 TT,36000
5438 TT,7000
5450 TT,13000
5452 TT,42000
5457 TT,9000
5469 TT,188000
5471 TT,44000
5489 TT,30000
5490 TT,11000
5498 TT,96000
5508 TT,7000
5511 TT,36000
5512 TT,62000
5515 TT,399000
5521 TT,199000
5522 TT,6000
5531 TT,69000
5534 TT,12000
5536 TT,34000
5538 TT,6000
5546 TT,7000
5603 TT,7000
5607 TT,21000
5608 TT,44000
5864 TT,6000
5876 TT,35000
5880 TT,2079000
5905 TT,26000
6015 TT,37000
6023 TT,9000
6026 TT,117000
6104 TT,27000
6108 TT,9000
6115 TT,87000
6120 TT,122000
6122 TT,21000
6123 TT,23000
6127 TT,22000
6129 TT,27000
6136 TT,33000
6138 TT,18000
6139 TT,16000
6143 TT,10000
6146 TT,15000
6150 TT,8000
6153 TT,125000
6160 TT,14000
6163 TT,16000
6166 TT,42000
6167 TT,19000
6168 TT,47000
6170 TT,53000
6173 TT,20000
6175 TT,22000
6177 TT,56000
6179 TT,6000
6180 TT,6000
6182 TT,108000
6185 TT,9000
6186 TT,79000
6187 TT,12000
6191 TT,709000
6192 TT,18000
6195 TT,31000
6201 TT,14000
6207 TT,8000
6209 TT,43000
6216 TT,32000
6217 TT,29000
6220 TT,31000
6221 TT,9000
6223 TT,8000
6224 TT,91000
6230 TT,21000
6234 TT,17000
6237 TT,18000
6243 TT,8000
6244 TT,56000
6245 TT,30000
6261 TT,28000
6265 TT,8000
6270 TT,18000
6274 TT,12000
6279 TT,63000
6284 TT,8000
6285 TT,41000
6294 TT,38000
6411 TT,17000
6416 TT,13000
6432 TT,17000
6456 TT,60000
6462 TT,8000
6470 TT,13000
6485 TT,17000
6492 TT,7000
6494 TT,10000
6499 TT,16000
6506 TT,12000
6508 TT,23000
6509 TT,57000
6517 TT,7000
6531 TT,20000
6532 TT,11000
6534 TT,25000
6547 TT,56000
6578 TT,92000
6582 TT,10000
6589 TT,19000
6603 TT,11000
6605 TT,12000
6616 TT,25000
6672 TT,10000
6684 TT,21000
6706 TT,6000
6756 TT,18000
6790 TT,22000
6901 TT,10000
6914 TT,13000
8024 TT,13000
8027 TT,14000
8042 TT,26000
8043 TT,30000
8044 TT,14000
8048 TT,7000
8050 TT,54000
8066 TT,16000
8072 TT,6000
8074 TT,12000
8076 TT,13000
8081 TT,32000
8092 TT,12000
8103 TT,57000
8104 TT,26000
8105 TT,50000
8107 TT,22000
8110 TT,248000
8114 TT,7000
8147 TT,8000
8171 TT,6000
8234 TT,9000
8249 TT,7000
8271 TT,57000
8289 TT,9000
8349 TT,332000
8358 TT,14000
8390 TT,23000
8403 TT,36000
8411 TT,115000
8422 TT,24000
8429 TT,14000
8433 TT,14000
8436 TT,19000
8437 TT,30000
8440 TT,7000
8446 TT,7000
8463 TT,7000
8499 TT,8000
8906 TT,6000
8928 TT,16000
8929 TT,9000
8937 TT,16000
9105 TT,192000
9120 TT,85000
9136 TT,40000
9907 TT,885000
9908 TT,78000
9911 TT,17000
9919 TT,10000
9921 TT,21000
9926 TT,10000
9927 TT,28000
9930 TT,19000
9935 TT,20000
9938 TT,19000
9940 TT,132000
9942 TT,7000
9943 TT,25000
9951 TT,13000
9955 TT,6000
9962 TT,10000
